Title,Price
Apple Watch SE Aluminium 40mm (White),27326
Garmin Fenix 6S 42mm (Silver with Black Band),39481
Havit M9006 (Μπλε),2890
Amazfit GTS 2 43mm (Midnight Black),10927
Amazfit GTS 2e 43mm (Lilac Purple),9537
Amazfit GTS 2e 43mm (Obsidian Black),9135
Samsung Galaxy Watch3 45mm Stainless Steel (Mystic Silver),25306
Havit M9006 (Μαύρο),2890
Polar Vantage V HR 46mm (Black),39240
Amazfit Bip 39mm (Cinnabar Red),4780
Havit M9006 (Ροζ),2890
Huawei Watch GT 2 46mm Sport (Sunset Orange),90
Apple Watch Series 5 Aluminium 40mm (Gold Pink),43900
Amazfit Bip U 41mm (Ροζ),4595
Amazfit T-Rex Pro (Μπλε),12709
Suunto 5 46mm All Black,21574
Apple Watch Series 3 Aluminium 38mm (Space Grey/Black Sport Band),21388
Apple Watch Series 5 Aluminium 44mm (Space Grey),46880
Suunto 5 46mm Graphite Copper,22900
Garmin Instinct Solar 45mm (Tidal Blue),27573
Garmin Instinct Tactical Edition 45mm (Black),21988
Garmin Venu SQ 37mm Orchid with Metallic Orchid Bezel,15009
Suunto 5 46mm White,21574
Amazfit GTS 2 43mm (Desert Gold),11224
Apple Watch SE Nike 40mm (Black),31800
Garmin Venu 2 45mm (Slate / Black),39900
Garmin Forerunner 645 Music 42mm (Black Coloured Band),30553
Apple Watch Series 6 Aluminium Cellular 44mm (Space Grey),54488
BlackView X1 47mm (Ασημί),3499
Suunto Spartan Ultra HR 50mm (Copper),82000
Suunto Spartan Ultra HR 50mm (Stealth Titanium),90
Suunto Spartan Ultra 50mm (All Black Titanium),71000
Suunto Kailash 50mm (Silver),37
Suunto Spartan Ultra 50mm (Stealth Titanium),29
Suunto Kailash 50mm (Slate),28
